Name,quantity,Price,avg_monthly_quantity
Đầm Trắng Nam size 10 - Mã SP0001,373.0,113320.0,60.4
Quần jean Nâu Nam size 20 - Mã SP0002,32.0,417872.0,50.2
Quần kaki Xanh Unisex size S - Mã SP0003,331.0,381788.0,30.2
Sweater Đỏ Nữ size M - Mã SP0004,159.0,735796.0,38.7
Quần jean Đỏ Nữ size XL - Mã SP0005,413.0,673695.0,116.0
Áo khoác Tím Xanh size M - Mã SP1111,499.0,469000.0,109.6
Áo khoác Tím Unisex size M - Mã SP0007,264.0,253122.0,90.3
Chân váy Xanh Nam size S - Mã SP0008,220.0,990447.0,18.7
Hoodie Tím Nam size XXL - Mã SP0009,213.0,891520.0,47.1
Quần kaki Xám Nữ size M - Mã SP0010,317.0,990412.0,85.6
Quần kaki Be Nam size M - Mã SP0011,154.0,970014.0,31.3
Đầm Đỏ Nam size XXL - Mã SP0012,398.0,980656.0,84.2
Chân váy Be Nam size XL - Mã SP0013,134.0,812157.0,118.4
Váy Đen Unisex size L - Mã SP0014,33.0,374051.0,82.3
Quần jean Trắng Nữ size S - Mã SP0015,329.0,453145.0,76.5
Hoodie Trắng Nam size XL - Mã SP0016,120.0,651149.0,56.5
Hoodie Xanh Unisex size S - Mã SP0017,199.0,750031.0,59.1
Hoodie Be Nữ size M - Mã SP0018,239.0,395017.0,92.3
Áo thun Tím Unisex size XXL - Mã SP0019,252.0,394066.0,12.3
Áo sơ mi Xanh Nữ size XL - Mã SP0020,464.0,728086.0,46.5
Chân váy Trắng Unisex size XL - Mã SP0021,332.0,312920.0,110.5
Váy Be Unisex size XL - Mã SP0022,415.0,930963.0,22.0
Chân váy Đỏ Unisex size S - Mã SP0023,101.0,122919.0,56.0
Áo khoác Đen Nam size S - Mã SP0024,282.0,935677.0,54.4
Hoodie Nâu Nam size XL - Mã SP0025,339.0,604835.0,24.1
Áo thun Tím Nữ size XXL - Mã SP0026,461.0,352408.0,42.9
Váy Vàng Unisex size L - Mã SP0027,346.0,700914.0,54.8
Áo sơ mi Xanh Nam size M - Mã SP0028,465.0,575230.0,58.1
Đầm Xanh Nam size L - Mã SP0029,126.0,889183.0,85.8
Áo khoác Hồng Unisex size S - Mã SP0030,420.0,758556.0,29.9
Sweater Xám Nữ size L - Mã SP0031,389.0,905191.0,45.2
Đầm Đen Nữ size XXL - Mã SP0032,145.0,120582.0,76.9
Quần kaki Xanh Nam size XL - Mã SP0033,157.0,465174.0,29.3
Áo khoác Đỏ Nam size XXL - Mã SP0034,66.0,993703.0,35.5
Áo sơ mi Tím Nam size XXL - Mã SP0035,478.0,329220.0,86.2
Hoodie Nâu Nữ size M - Mã SP0036,246.0,290376.0,73.8
Áo thun Nâu Nữ size M - Mã SP0037,416.0,146854.0,118.1
Áo thun Trắng Unisex size XXL - Mã SP0038,12.0,413172.0,11.4
Áo khoác Nâu Unisex size L - Mã SP0039,211.0,170015.0,54.0
Áo thun Trắng Nam size M - Mã SP0040,237.0,752208.0,59.9
Quần jean Đen Unisex size S - Mã SP0041,60.0,835461.0,111.0
Áo thun Hồng Unisex size L - Mã SP0042,225.0,456799.0,85.7
Áo khoác Be Unisex size XL - Mã SP0043,456.0,382603.0,68.9
Áo khoác Xám Nữ size XL - Mã SP0044,134.0,806698.0,116.3
Đầm Xanh Nữ size S - Mã SP0045,377.0,118627.0,80.3
Sweater Xanh Nam size S - Mã SP0046,473.0,462811.0,36.2
Áo khoác Hồng Unisex size XXL - Mã SP0047,90.0,522840.0,12.8
Áo sơ mi Be Nữ size S - Mã SP0048,60.0,635146.0,39.0
Quần jean Xanh Nữ size XL - Mã SP0049,241.0,398540.0,29.3
Váy Đỏ Nam size XXL - Mã SP0050,105.0,469860.0,46.3
Áo sơ mi Vàng Unisex size L - Mã SP0051,386.0,277041.0,41.0
Đầm Vàng Nam size L - Mã SP0052,490.0,620854.0,5.6
Áo khoác Vàng Nam size XL - Mã SP0053,35.0,569671.0,99.2
Quần kaki Đen Unisex size M - Mã SP0054,31.0,650821.0,58.3
Áo khoác Hồng Nam size XL - Mã SP0055,84.0,759222.0,99.8
Váy Trắng Nam size L - Mã SP0056,457.0,731872.0,53.4
Đầm Đỏ Nữ size S - Mã SP0057,363.0,638352.0,113.1
Váy Tím Nam size M - Mã SP0058,278.0,523301.0,111.4
Quần kaki Đỏ Unisex size M - Mã SP0059,152.0,193778.0,7.4
Áo thun Be Unisex size L - Mã SP0060,3.0,545856.0,22.2
Quần kaki Xám Nam size L - Mã SP0061,249.0,835716.0,90.6
Áo khoác Tím Nam size L - Mã SP0062,315.0,555555.0,60.3
Quần kaki Xanh Unisex size XXL - Mã SP0063,294.0,996858.0,88.4
Áo thun Đen Unisex size M - Mã SP0064,343.0,219529.0,49.2
Sweater Xám Nam size XXL - Mã SP0065,164.0,587341.0,23.9
Áo sơ mi Tím Nữ size M - Mã SP0066,274.0,461243.0,88.0
Chân váy Hồng Unisex size XL - Mã SP0067,481.0,117933.0,91.0
Chân váy Xám Unisex size M - Mã SP0068,57.0,356950.0,105.6
Sweater Trắng Unisex size M - Mã SP0069,418.0,175303.0,79.1
Áo thun Trắng Nam size XXL - Mã SP0070,412.0,143707.0,25.6
Đầm Xanh Nữ size S - Mã SP0071,186.0,979087.0,109.2
Áo khoác Xám Unisex size XL - Mã SP0072,385.0,426425.0,117.9
Váy Xanh Unisex size L - Mã SP0073,119.0,750529.0,46.4
Áo khoác Tím Unisex size M - Mã SP0074,1.0,134851.0,97.1
Quần kaki Hồng Nam size L - Mã SP0075,384.0,285030.0,36.4
Áo sơ mi Xanh Unisex size S - Mã SP0076,192.0,966997.0,117.1
Quần jean Nâu Nam size M - Mã SP0077,111.0,927420.0,119.3
Đầm Tím Unisex size XL - Mã SP0078,258.0,757328.0,43.8
Áo sơ mi Tím Unisex size M - Mã SP0079,414.0,292724.0,61.2
Chân váy Hồng Unisex size M - Mã SP0080,435.0,892964.0,98.1
Đầm Nâu Unisex size XL - Mã SP0081,7.0,740639.0,49.8
Quần jean Vàng Unisex size S - Mã SP0082,176.0,450772.0,99.4
Quần jean Trắng Nam size XL - Mã SP0083,50.0,860308.0,77.8
Áo khoác Trắng Unisex size XL - Mã SP0084,381.0,455626.0,37.3
Áo sơ mi Đỏ Unisex size XL - Mã SP0085,282.0,511448.0,30.3
Quần kaki Trắng Unisex size S - Mã SP0086,94.0,449165.0,34.8
Chân váy Nâu Nữ size L - Mã SP0087,119.0,804372.0,15.8
Hoodie Nâu Nam size XL - Mã SP0088,310.0,661620.0,20.8
Váy Be Nữ size XXL - Mã SP0089,176.0,934498.0,14.4
Hoodie Xanh Nữ size XXL - Mã SP0090,418.0,615103.0,29.6
Quần kaki Đen Nam size L - Mã SP0091,407.0,369437.0,92.6
Hoodie Be Unisex size XXL - Mã SP0092,296.0,819465.0,50.1
Áo sơ mi Hồng Nam size XXL - Mã SP0093,78.0,183965.0,64.2
Quần kaki Xanh Unisex size M - Mã SP0094,83.0,533750.0,53.5
Áo thun Vàng Nữ size XL - Mã SP0095,254.0,393618.0,14.5
Áo sơ mi Nâu Nữ size S - Mã SP0096,16.0,685488.0,114.4
Váy Đỏ Nam size L - Mã SP0097,229.0,176443.0,94.7
Quần kaki Tím Nam size S - Mã SP0098,473.0,548359.0,76.7
Váy Trắng Nam size XL - Mã SP0099,86.0,361086.0,43.1
Chân váy Vàng Nữ size L - Mã SP0100,297.0,377009.0,89.0
Sweater Đỏ Unisex size XXL - Mã SP0101,352.0,982145.0,116.8
Áo thun Đen Nam size L - Mã SP0102,12.0,173645.0,81.0
Áo khoác Hồng Nam size M - Mã SP0103,206.0,288642.0,21.8
Áo sơ mi Đen Nữ size L - Mã SP0104,145.0,131333.0,115.1
Váy Hồng Nữ size XXL - Mã SP0105,288.0,336343.0,13.5
Đầm Đỏ Nữ size L - Mã SP0106,94.0,541948.0,9.5
Quần kaki Vàng Nữ size XL - Mã SP0107,478.0,483127.0,64.0
Váy Đen Nữ size XL - Mã SP0108,245.0,641854.0,62.4
Váy Vàng Nữ size M - Mã SP0109,240.0,297032.0,37.6
Hoodie Đỏ Nữ size S - Mã SP0110,386.0,794918.0,71.3
Áo khoác Đỏ Unisex size M - Mã SP0111,143.0,886732.0,101.4
Áo khoác Hồng Nữ size M - Mã SP0112,354.0,682552.0,23.3
Sweater Trắng Nữ size L - Mã SP0113,434.0,361575.0,38.1
Đầm Đỏ Nam size L - Mã SP0114,209.0,612672.0,23.2
Áo thun Hồng Nữ size L - Mã SP0115,250.0,321431.0,46.5
Áo thun Nâu Nữ size M - Mã SP0116,153.0,498874.0,106.1
Váy Hồng Nữ size XL - Mã SP0117,114.0,711304.0,70.3
Quần kaki Xám Nữ size XL - Mã SP0118,199.0,223400.0,59.4
Quần jean Đen Nữ size S - Mã SP0119,385.0,860337.0,27.6
Hoodie Trắng Nam size XL - Mã SP0120,268.0,564096.0,19.7
Hoodie Xanh Nam size L - Mã SP0121,402.0,838046.0,13.6
Sweater Đỏ Nữ size XL - Mã SP0122,56.0,463390.0,43.0
Quần kaki Tím Unisex size XXL - Mã SP0123,284.0,514121.0,76.5
Đầm Đỏ Nữ size M - Mã SP0124,110.0,410439.0,111.0
Áo thun Nâu Unisex size L - Mã SP0125,493.0,858950.0,47.2
Áo thun Đen Nữ size S - Mã SP0126,488.0,512566.0,18.5
Váy Xám Nam size L - Mã SP0127,235.0,611754.0,25.0
Chân váy Vàng Nữ size XL - Mã SP0128,429.0,702509.0,112.9
Chân váy Đen Nam size L - Mã SP0129,348.0,986641.0,109.4
Áo sơ mi Đen Nữ size L - Mã SP0130,299.0,345229.0,31.6
Áo khoác Vàng Nữ size S - Mã SP0131,479.0,462288.0,22.9
Áo khoác Nâu Nữ size S - Mã SP0132,231.0,759874.0,14.7
Đầm Be Nam size XL - Mã SP0133,146.0,295659.0,10.7
Quần jean Nâu Unisex size XXL - Mã SP0134,153.0,536537.0,34.0
Hoodie Hồng Unisex size S - Mã SP0135,48.0,301701.0,63.2
Váy Tím Nữ size S - Mã SP0136,305.0,555894.0,22.4
Áo sơ mi Nâu Nữ size XXL - Mã SP0137,167.0,860968.0,47.4
Áo khoác Hồng Unisex size S - Mã SP0138,281.0,407540.0,16.6
Sweater Hồng Nữ size XL - Mã SP0139,471.0,965955.0,12.9
Đầm Xanh Unisex size S - Mã SP0140,276.0,662644.0,85.3
Áo thun Đen Nữ size XXL - Mã SP0141,128.0,872144.0,95.1
Áo thun Xanh Nam size L - Mã SP0142,311.0,637271.0,95.6
Áo khoác Hồng Unisex size M - Mã SP0143,248.0,242494.0,106.2
Đầm Tím Unisex size M - Mã SP0144,244.0,926172.0,34.9
Quần jean Hồng Unisex size L - Mã SP0145,317.0,698802.0,54.6
Quần jean Be Unisex size S - Mã SP0146,123.0,590150.0,60.4
Áo khoác Xám Unisex size M - Mã SP0147,61.0,758691.0,18.3
Áo khoác Đỏ Unisex size XXL - Mã SP0148,443.0,668562.0,10.5
Sweater Vàng Unisex size XXL - Mã SP0149,95.0,437065.0,99.1
Áo sơ mi Đen Nữ size M - Mã SP0150,44.0,134029.0,68.7
Quần jean Trắng Nữ size M - Mã SP0151,179.0,652974.0,82.4
Váy Đen Nữ size XL - Mã SP0152,79.0,299902.0,114.7
Quần kaki Vàng Nam size XL - Mã SP0153,389.0,800901.0,57.5
Sweater Be Unisex size L - Mã SP0154,170.0,258691.0,112.7
Chân váy Trắng Nữ size S - Mã SP0155,194.0,647622.0,118.4
Chân váy Trắng Nam size M - Mã SP0156,16.0,229618.0,97.3
Áo thun Hồng Unisex size XL - Mã SP0157,113.0,315744.0,88.0
Áo thun Tím Nữ size M - Mã SP0158,78.0,506896.0,59.4
Hoodie Vàng Nam size M - Mã SP0159,54.0,397637.0,48.9
Hoodie Xanh Nam size L - Mã SP0160,189.0,551227.0,85.3
Chân váy Nâu Unisex size L - Mã SP0161,338.0,974529.0,83.5
Đầm Vàng Nam size XXL - Mã SP0162,450.0,732924.0,39.9
Hoodie Vàng Nữ size XXL - Mã SP0163,31.0,669085.0,97.3
Quần jean Trắng Nam size M - Mã SP0164,27.0,457286.0,24.0
Quần jean Đen Nam size L - Mã SP0165,403.0,371471.0,92.9
Chân váy Vàng Nam size L - Mã SP0166,187.0,982420.0,25.5
Áo thun Đỏ Nữ size XXL - Mã SP0167,12.0,477024.0,71.8
Sweater Đỏ Unisex size L - Mã SP0168,60.0,979186.0,98.0
Áo khoác Hồng Nam size M - Mã SP0169,83.0,256323.0,12.8
Váy Đỏ Nữ size XL - Mã SP0170,405.0,356030.0,78.8
Chân váy Tím Nữ size XXL - Mã SP0171,231.0,606035.0,6.3
Váy Đỏ Unisex size XXL - Mã SP0172,493.0,295685.0,95.4
Váy Trắng Nam size XL - Mã SP0173,101.0,633793.0,115.3
Đầm Be Nữ size S - Mã SP0174,180.0,785419.0,49.3
Áo khoác Hồng Nam size L - Mã SP0175,380.0,829020.0,74.3
Chân váy Hồng Nữ size XL - Mã SP0176,133.0,370366.0,91.3
Áo thun Nâu Nữ size M - Mã SP0177,210.0,859229.0,86.7
Đầm Trắng Nam size XXL - Mã SP0178,281.0,754688.0,78.2
Hoodie Tím Unisex size XXL - Mã SP0179,430.0,902383.0,98.6
Áo sơ mi Đen Unisex size XXL - Mã SP0180,226.0,517264.0,114.0
Đầm Đỏ Unisex size M - Mã SP0181,201.0,721827.0,76.6
Váy Trắng Nam size M - Mã SP0182,375.0,759372.0,95.6
Quần kaki Vàng Unisex size M - Mã SP0183,102.0,963180.0,118.4
Quần jean Xanh Unisex size M - Mã SP0184,416.0,939131.0,89.1
Quần jean Hồng Nam size S - Mã SP0185,315.0,733503.0,34.2
Chân váy Tím Nam size S - Mã SP0186,371.0,769579.0,13.5
Sweater Đỏ Unisex size XXL - Mã SP0187,115.0,936583.0,111.9
Váy Trắng Nữ size L - Mã SP0188,95.0,110155.0,76.9
Hoodie Xám Nữ size XL - Mã SP0189,467.0,908641.0,83.2
Đầm Tím Nữ size L - Mã SP0190,134.0,999212.0,84.3
Áo khoác Tím Nữ size XXL - Mã SP0191,220.0,673520.0,38.9
Áo thun Vàng Nam size M - Mã SP0192,356.0,954155.0,6.0
Áo thun Đen Nam size M - Mã SP0193,104.0,265338.0,93.0
Áo khoác Xanh Nữ size XL - Mã SP0194,138.0,535342.0,54.6
Váy Nâu Unisex size S - Mã SP0195,219.0,734233.0,86.1
Áo sơ mi Nâu Nam size S - Mã SP0196,17.0,872926.0,118.0
Chân váy Xanh Unisex size L - Mã SP0197,90.0,785375.0,85.5
Sweater Tím Nam size M - Mã SP0198,264.0,972116.0,15.5
Quần jean Nâu Nữ size L - Mã SP0199,343.0,678233.0,51.0
Quần kaki Vàng Unisex size M - Mã SP0200,285.0,229232.0,20.3
Chân váy Xanh Nữ size S - Mã SP0201,141.0,327650.0,112.1
Váy Nâu Unisex size XXL - Mã SP0202,38.0,370671.0,92.6
Chân váy Hồng Nam size M - Mã SP0203,157.0,364966.0,90.8
Áo khoác Đen Nữ size S - Mã SP0204,351.0,226700.0,58.7
Sweater Nâu Nữ size L - Mã SP0205,116.0,296133.0,45.3
Hoodie Xanh Unisex size XL - Mã SP0206,398.0,139294.0,84.3
Chân váy Tím Nữ size XXL - Mã SP0207,241.0,711853.0,85.6
Quần kaki Đen Nữ size S - Mã SP0208,60.0,126478.0,117.2
Quần jean Đỏ Unisex size S - Mã SP0209,200.0,969902.0,89.2
Hoodie Xanh Nam size XL - Mã SP0210,129.0,599874.0,44.5
Hoodie Be Unisex size S - Mã SP0211,184.0,829748.0,43.6
Váy Nâu Nam size S - Mã SP0212,202.0,644176.0,98.8
Sweater Hồng Unisex size XXL - Mã SP0213,138.0,900670.0,94.2
Áo thun Đỏ Unisex size S - Mã SP0214,70.0,933759.0,87.9
Quần kaki Xám Nữ size XXL - Mã SP0215,304.0,297345.0,27.1
Hoodie Đỏ Nam size L - Mã SP0216,391.0,250828.0,45.5
Quần jean Xám Nữ size XXL - Mã SP0217,365.0,758455.0,30.6
Áo khoác Trắng Nam size M - Mã SP0218,409.0,836749.0,40.0
Quần kaki Đen Nữ size L - Mã SP0219,371.0,969119.0,28.5
Quần kaki Nâu Nam size XL - Mã SP0220,370.0,424354.0,7.5
Hoodie Đen Nữ size M - Mã SP0221,377.0,763730.0,13.4
Quần jean Trắng Nam size M - Mã SP0222,19.0,620395.0,59.3
Quần jean Be Nam size S - Mã SP0223,437.0,416251.0,105.1
Quần kaki Trắng Nam size L - Mã SP0224,472.0,446744.0,97.7
Áo sơ mi Nâu Unisex size L - Mã SP0225,419.0,674777.0,20.9
Đầm Đen Unisex size XXL - Mã SP0226,165.0,174090.0,109.0
Sweater Be Nữ size XL - Mã SP0227,316.0,414700.0,111.4
Áo thun Nâu Nam size M - Mã SP0228,351.0,995899.0,58.1
Váy Xám Nữ size M - Mã SP0229,173.0,741596.0,6.4
Đầm Đen Unisex size M - Mã SP0230,118.0,949919.0,71.6
Áo sơ mi Be Nam size M - Mã SP0231,278.0,885959.0,66.2
Sweater Vàng Nữ size XL - Mã SP0232,466.0,385937.0,71.9
Áo khoác Hồng Nữ size L - Mã SP0233,480.0,929137.0,116.6
Hoodie Be Nữ size XXL - Mã SP0234,487.0,712743.0,40.9
Váy Đen Nam size L - Mã SP0235,123.0,735346.0,72.4
Đầm Nâu Unisex size XXL - Mã SP0236,57.0,837632.0,42.1
Quần kaki Nâu Nữ size XL - Mã SP0237,158.0,736155.0,21.9
Quần jean Hồng Nam size XL - Mã SP0238,313.0,628845.0,13.1
Váy Nâu Nam size S - Mã SP0239,199.0,143909.0,116.6
Hoodie Tím Nữ size S - Mã SP0240,340.0,946364.0,37.9
Chân váy Xanh Unisex size L - Mã SP0241,297.0,369644.0,95.4
Áo sơ mi Tím Nam size M - Mã SP0242,353.0,786824.0,24.3
Áo thun Xanh Nữ size XL - Mã SP0243,191.0,851128.0,24.8
Hoodie Vàng Nữ size L - Mã SP0244,202.0,157291.0,21.9
Đầm Hồng Nữ size L - Mã SP0245,133.0,293772.0,67.0
Sweater Xám Nam size M - Mã SP0246,230.0,548641.0,16.6
Đầm Xanh Nam size M - Mã SP0247,11.0,950774.0,44.2
Chân váy Trắng Unisex size L - Mã SP0248,496.0,205509.0,29.3
Đầm Tím Nữ size XL - Mã SP0249,121.0,180862.0,103.5
Váy Tím Unisex size XL - Mã SP0250,404.0,500388.0,90.5
Áo khoác Trắng Unisex size XL - Mã SP0251,392.0,862973.0,9.0
Áo sơ mi Tím Nam size XL - Mã SP0252,39.0,997587.0,24.3
Quần jean Tím Nam size XXL - Mã SP0253,97.0,546904.0,21.4
Chân váy Trắng Nữ size S - Mã SP0254,290.0,915200.0,77.6
Áo thun Hồng Unisex size XXL - Mã SP0255,115.0,911811.0,119.5
Sweater Xanh Nam size XXL - Mã SP0256,426.0,226166.0,15.7
Áo sơ mi Be Nữ size XXL - Mã SP0257,219.0,947344.0,70.8
Sweater Xanh Nam size S - Mã SP0258,84.0,401948.0,86.3
Đầm Nâu Nữ size S - Mã SP0259,146.0,747526.0,59.1
Sweater Hồng Unisex size XL - Mã SP0260,137.0,867693.0,73.6
Đầm Tím Unisex size XXL - Mã SP0261,193.0,292926.0,65.3
Chân váy Xanh Nữ size L - Mã SP0262,465.0,934099.0,119.8
Quần jean Vàng Nam size S - Mã SP0263,47.0,867436.0,71.8
Hoodie Xám Unisex size S - Mã SP0264,93.0,162362.0,103.1
Đầm Trắng Nam size XXL - Mã SP0265,79.0,844682.0,104.0
Đầm Trắng Unisex size XXL - Mã SP0266,467.0,592842.0,12.5
Hoodie Nâu Nam size M - Mã SP0267,154.0,470401.0,30.8
Áo khoác Vàng Nữ size L - Mã SP0268,475.0,191754.0,37.6
Quần kaki Hồng Unisex size XL - Mã SP0269,105.0,100249.0,49.9
Quần kaki Đỏ Unisex size L - Mã SP0270,417.0,790936.0,10.5
Quần kaki Trắng Unisex size XL - Mã SP0271,282.0,184636.0,101.9
Quần kaki Xám Nữ size M - Mã SP0272,102.0,888329.0,14.8
Váy Xám Nữ size XXL - Mã SP0273,334.0,854333.0,77.4
Áo thun Xanh Nữ size S - Mã SP0274,411.0,655240.0,98.8
Chân váy Trắng Nam size M - Mã SP0275,395.0,577204.0,28.4
Chân váy Nâu Nam size XL - Mã SP0276,409.0,431576.0,55.1
Đầm Tím Unisex size L - Mã SP0277,338.0,881887.0,35.7
Quần jean Hồng Nữ size M - Mã SP0278,59.0,426604.0,107.1
Váy Hồng Nam size XL - Mã SP0279,86.0,699464.0,39.1
Áo thun Be Nam size L - Mã SP0280,415.0,563666.0,25.7
Quần kaki Xanh Nữ size XXL - Mã SP0281,316.0,912381.0,21.5
Chân váy Vàng Nữ size S - Mã SP0282,21.0,876014.0,26.8
Váy Hồng Unisex size XL - Mã SP0283,252.0,539580.0,46.1
Áo sơ mi Trắng Nam size M - Mã SP0284,423.0,738553.0,26.9
Quần kaki Nâu Unisex size XL - Mã SP0285,253.0,844489.0,67.0
Áo sơ mi Nâu Nữ size M - Mã SP0286,111.0,926091.0,87.1
Đầm Nâu Nam size XXL - Mã SP0287,378.0,237433.0,60.2
Áo thun Đỏ Nữ size XL - Mã SP0288,272.0,374705.0,86.8
Chân váy Vàng Unisex size M - Mã SP0289,168.0,475769.0,37.2
Áo thun Xanh Nữ size L - Mã SP0290,262.0,389491.0,106.2
Sweater Đen Unisex size L - Mã SP0291,321.0,191907.0,105.8
Đầm Đen Nam size XXL - Mã SP0292,176.0,530073.0,6.1
Chân váy Trắng Unisex size XL - Mã SP0293,139.0,404537.0,44.8
Áo khoác Be Nam size S - Mã SP0294,309.0,371695.0,104.8
Áo khoác Trắng Unisex size S - Mã SP0295,349.0,547950.0,94.4
Chân váy Xám Nữ size XXL - Mã SP0296,328.0,214255.0,29.5
Hoodie Đỏ Nữ size S - Mã SP0297,382.0,993650.0,75.3
Áo khoác Xám Nữ size XXL - Mã SP0298,471.0,259459.0,99.0
Quần kaki Tím Nam size XL - Mã SP0299,217.0,480852.0,94.5
Chân váy Hồng Unisex size M - Mã SP0300,279.0,295702.0,110.5
Áo khoác Xanh Unisex size S - Mã SP0301,397.0,479286.0,82.7
Quần kaki Vàng Unisex size XXL - Mã SP0302,98.0,222500.0,68.0
Đầm Đen Unisex size L - Mã SP0303,317.0,735001.0,49.0
Áo khoác Be Nữ size M - Mã SP0304,286.0,267131.0,71.6
Quần jean Xám Unisex size M - Mã SP0305,11.0,603906.0,118.8
Hoodie Trắng Nữ size XXL - Mã SP0306,36.0,289527.0,103.7
Sweater Trắng Nữ size S - Mã SP0307,273.0,242293.0,49.6
Áo thun Xám Nam size XXL - Mã SP0308,428.0,722273.0,84.1
Sweater Trắng Nữ size XXL - Mã SP0309,134.0,969775.0,66.7
Quần jean Xám Unisex size S - Mã SP0310,122.0,218455.0,101.4
Áo khoác Hồng Nam size L - Mã SP0311,29.0,998043.0,66.9
Sweater Nâu Nữ size XL - Mã SP0312,469.0,205340.0,43.0
Hoodie Đen Nữ size M - Mã SP0313,240.0,310989.0,13.7
Sweater Xanh Unisex size S - Mã SP0314,186.0,677693.0,78.3
Chân váy Tím Unisex size XXL - Mã SP0315,11.0,665464.0,22.8
Áo khoác Xanh Unisex size L - Mã SP0316,309.0,310498.0,58.2
Quần kaki Đỏ Nữ size M - Mã SP0317,167.0,211462.0,37.6
Sweater Trắng Nữ size XL - Mã SP0318,63.0,513366.0,79.0
Đầm Be Nam size XXL - Mã SP0319,207.0,485757.0,92.0
Quần jean Vàng Nam size M - Mã SP0320,159.0,974897.0,106.2
Áo khoác Trắng Nam size XXL - Mã SP0321,23.0,244527.0,10.6
Áo thun Hồng Unisex size XXL - Mã SP0322,354.0,963372.0,93.4
Sweater Nâu Unisex size L - Mã SP0323,374.0,946261.0,26.9
Áo sơ mi Xám Nam size XL - Mã SP0324,407.0,727379.0,68.8
Sweater Đen Nam size S - Mã SP0325,102.0,851602.0,118.9
Áo khoác Xanh Nữ size XL - Mã SP0326,375.0,999151.0,41.9
Quần jean Đỏ Nữ size XL - Mã SP0327,151.0,760418.0,39.5
Áo sơ mi Trắng Unisex size L - Mã SP0328,482.0,411381.0,83.4
Áo thun Trắng Unisex size L - Mã SP0329,63.0,343458.0,23.5
Quần jean Đen Nữ size XXL - Mã SP0330,339.0,848081.0,51.0
Đầm Đen Nữ size M - Mã SP0331,267.0,236690.0,31.0
Áo khoác Vàng Nam size S - Mã SP0332,338.0,605698.0,100.6
Quần kaki Đen Unisex size XXL - Mã SP0333,132.0,143860.0,75.6
Áo khoác Tím Nam size XL - Mã SP0334,153.0,484333.0,16.8
Sweater Vàng Unisex size XXL - Mã SP0335,386.0,252326.0,63.9
Đầm Nâu Nữ size L - Mã SP0336,247.0,791546.0,69.4
Áo khoác Be Nữ size S - Mã SP0337,45.0,869805.0,7.3
Đầm Xanh Unisex size L - Mã SP0338,250.0,404843.0,94.3
Áo sơ mi Nâu Nam size XXL - Mã SP0339,150.0,701569.0,82.8
Quần kaki Vàng Nữ size XXL - Mã SP0340,150.0,468499.0,118.3
Áo sơ mi Hồng Nữ size XL - Mã SP0341,90.0,446378.0,51.8
Sweater Trắng Unisex size XL - Mã SP0342,60.0,601129.0,80.4
Hoodie Hồng Unisex size M - Mã SP0343,196.0,260519.0,102.1
Áo khoác Hồng Nữ size XL - Mã SP0344,276.0,967756.0,78.2
Đầm Đen Nam size XL - Mã SP0345,186.0,268484.0,32.9
Đầm Nâu Nam size S - Mã SP0346,445.0,835265.0,68.5
Chân váy Nâu Nữ size L - Mã SP0347,130.0,379307.0,51.5
Áo sơ mi Đen Unisex size S - Mã SP0348,354.0,172527.0,25.0
Váy Xám Nam size XL - Mã SP0349,264.0,429351.0,15.9
Áo khoác Hồng Unisex size M - Mã SP0350,27.0,280176.0,97.5
Quần kaki Nâu Nam size XXL - Mã SP0351,365.0,123953.0,95.0
Áo sơ mi Vàng Unisex size S - Mã SP0352,105.0,536949.0,113.5
Áo khoác Hồng Nam size M - Mã SP0353,266.0,419244.0,46.7
Hoodie Vàng Nam size S - Mã SP0354,407.0,462720.0,95.3
Quần jean Nâu Nữ size XL - Mã SP0355,33.0,993383.0,57.6
Quần kaki Đỏ Nam size XL - Mã SP0356,45.0,657031.0,19.3
Váy Tím Nam size S - Mã SP0357,367.0,153386.0,11.5
Áo sơ mi Xám Unisex size XXL - Mã SP0358,361.0,214638.0,114.8
Chân váy Đen Nam size XXL - Mã SP0359,74.0,707319.0,64.4
Hoodie Tím Nam size L - Mã SP0360,222.0,281733.0,104.5
Áo sơ mi Đỏ Unisex size XL - Mã SP0361,252.0,104997.0,57.5
Đầm Trắng Nam size L - Mã SP0362,93.0,729634.0,98.2
Áo khoác Đỏ Nữ size M - Mã SP0363,16.0,921116.0,9.5
Áo thun Be Unisex size L - Mã SP0364,306.0,654001.0,74.5
Quần jean Xám Nam size XXL - Mã SP0365,384.0,692766.0,36.7
Quần kaki Trắng Nữ size S - Mã SP0366,492.0,726688.0,81.5
Váy Trắng Nam size S - Mã SP0367,42.0,416822.0,113.7
Áo thun Tím Nam size XXL - Mã SP0368,257.0,649871.0,119.8
Hoodie Đỏ Nữ size M - Mã SP0369,374.0,849980.0,6.0
Đầm Be Unisex size XL - Mã SP0370,459.0,616435.0,45.6
Quần jean Xám Nam size M - Mã SP0371,249.0,800962.0,22.6
Chân váy Trắng Nữ size XXL - Mã SP0372,366.0,285375.0,56.3
Quần jean Be Nữ size M - Mã SP0373,140.0,855590.0,60.5
Áo sơ mi Vàng Nam size L - Mã SP0374,107.0,477105.0,39.8
Quần jean Nâu Unisex size S - Mã SP0375,344.0,975171.0,31.4
Sweater Hồng Nữ size S - Mã SP0376,335.0,766793.0,21.5
Hoodie Đen Nam size S - Mã SP0377,132.0,851001.0,73.9
Áo khoác Xám Nữ size M - Mã SP0378,421.0,779310.0,24.3
Quần kaki Vàng Unisex size S - Mã SP0379,333.0,923994.0,97.8
Đầm Đỏ Unisex size L - Mã SP0380,236.0,596070.0,39.1
Váy Xám Nam size S - Mã SP0381,296.0,637357.0,81.2
Chân váy Xám Nữ size L - Mã SP0382,283.0,859466.0,59.3
Sweater Vàng Unisex size S - Mã SP0383,440.0,190852.0,29.2
Áo khoác Nâu Unisex size S - Mã SP0384,223.0,177543.0,112.2
Chân váy Xám Nam size S - Mã SP0385,197.0,663043.0,111.7
Áo khoác Đỏ Nam size L - Mã SP0386,53.0,687294.0,70.8
Váy Xanh Unisex size S - Mã SP0387,192.0,640970.0,98.4
Áo sơ mi Be Unisex size S - Mã SP0388,206.0,238931.0,31.3
Váy Trắng Nam size L - Mã SP0389,379.0,309680.0,89.0
Đầm Xanh Nữ size XXL - Mã SP0390,237.0,790807.0,78.5
Sweater Xám Nam size XL - Mã SP0391,156.0,138366.0,65.7
Hoodie Nâu Unisex size XL - Mã SP0392,200.0,228605.0,97.6
Đầm Trắng Nữ size L - Mã SP0393,253.0,862009.0,23.6
Quần jean Be Nam size XL - Mã SP0394,342.0,281228.0,79.9
Sweater Trắng Nữ size M - Mã SP0395,35.0,680758.0,83.9
Chân váy Vàng Nam size S - Mã SP0396,290.0,353398.0,38.0
Áo khoác Hồng Nam size XL - Mã SP0397,162.0,536471.0,76.8
Áo thun Xanh Unisex size XXL - Mã SP0398,265.0,147302.0,107.5
Chân váy Xanh Nam size XXL - Mã SP0399,371.0,896316.0,66.4
Chân váy Xanh Unisex size XXL - Mã SP0400,294.0,370210.0,50.1
Váy Be Nữ size M - Mã SP0401,2.0,178026.0,52.6
Quần jean Hồng Unisex size XXL - Mã SP0402,343.0,406465.0,42.4
Váy Nâu Nam size S - Mã SP0403,355.0,102088.0,11.4
Sweater Đen Unisex size L - Mã SP0404,313.0,712420.0,10.6
Chân váy Xanh Unisex size S - Mã SP0405,481.0,471857.0,114.0
Áo thun Hồng Nam size M - Mã SP0406,128.0,341059.0,86.2
Hoodie Đỏ Nữ size L - Mã SP0407,438.0,677335.0,55.7
Váy Đen Unisex size M - Mã SP0408,270.0,863216.0,27.4
Quần jean Xanh Nữ size L - Mã SP0409,291.0,241062.0,69.4
Váy Đen Unisex size M - Mã SP0410,218.0,110262.0,86.0
Đầm Xám Unisex size S - Mã SP0411,46.0,451430.0,57.9
Áo thun Nâu Unisex size S - Mã SP0412,262.0,820220.0,35.0
Quần jean Xám Nam size M - Mã SP0413,54.0,591499.0,41.2
Quần jean Nâu Unisex size XL - Mã SP0414,343.0,910577.0,41.5
Sweater Be Unisex size L - Mã SP0415,342.0,943413.0,40.3
Sweater Xám Nam size XXL - Mã SP0416,56.0,277663.0,9.7
Váy Xám Unisex size XL - Mã SP0417,376.0,876766.0,34.7
Quần jean Hồng Unisex size L - Mã SP0418,474.0,226867.0,26.1
Hoodie Xanh Nữ size XXL - Mã SP0419,165.0,600217.0,14.2
Váy Hồng Nữ size XXL - Mã SP0420,250.0,163796.0,22.0
Quần kaki Tím Unisex size XL - Mã SP0421,278.0,625137.0,108.6
Hoodie Xám Nam size XXL - Mã SP0422,438.0,897523.0,113.1
Sweater Vàng Unisex size XXL - Mã SP0423,319.0,548979.0,55.5
Váy Nâu Nam size L - Mã SP0424,211.0,820213.0,46.1
Áo thun Xanh Nữ size XL - Mã SP0425,80.0,854855.0,74.2
Sweater Nâu Unisex size XXL - Mã SP0426,4.0,368052.0,65.1
Váy Tím Nam size M - Mã SP0427,228.0,273492.0,64.0
Chân váy Be Nam size S - Mã SP0428,442.0,407217.0,18.6
Đầm Trắng Nam size S - Mã SP0429,176.0,134251.0,82.8
Hoodie Hồng Nữ size L - Mã SP0430,242.0,319666.0,49.1
Quần jean Tím Nam size L - Mã SP0431,148.0,236318.0,15.4
Áo khoác Tím Nữ size L - Mã SP0432,491.0,466284.0,112.1
Sweater Hồng Nữ size S - Mã SP0433,7.0,213452.0,60.5
Quần kaki Xám Nam size S - Mã SP0434,449.0,975199.0,67.7
Áo khoác Đen Unisex size M - Mã SP0435,402.0,219780.0,21.2
Váy Be Nữ size XXL - Mã SP0436,440.0,729574.0,40.2
Áo sơ mi Đen Nam size XL - Mã SP0437,46.0,169399.0,35.5
Đầm Nâu Unisex size M - Mã SP0438,161.0,785801.0,8.1
Hoodie Đen Nữ size M - Mã SP0439,296.0,167372.0,58.3
Đầm Trắng Nam size XXL - Mã SP0440,424.0,988515.0,106.7
Quần jean Hồng Unisex size XL - Mã SP0441,348.0,870927.0,60.0
Áo thun Hồng Nữ size XL - Mã SP0442,332.0,168707.0,52.3
Đầm Xanh Nam size XXL - Mã SP0443,206.0,550833.0,8.4
Chân váy Đen Nam size L - Mã SP0444,381.0,792424.0,44.0
Quần jean Xanh Nữ size XL - Mã SP0445,277.0,462355.0,25.5
Áo khoác Hồng Nữ size M - Mã SP0446,498.0,571524.0,98.9
Quần jean Be Unisex size XXL - Mã SP0447,99.0,714731.0,59.4
Váy Hồng Nữ size M - Mã SP0448,176.0,837383.0,51.0
Đầm Đen Unisex size L - Mã SP0449,225.0,938410.0,62.1
Đầm Tím Unisex size XL - Mã SP0450,270.0,513461.0,56.1
Quần kaki Trắng Nam size M - Mã SP0451,236.0,522916.0,6.4
Váy Xanh Nam size L - Mã SP0452,478.0,643528.0,30.5
Chân váy Trắng Unisex size XL - Mã SP0453,137.0,621745.0,94.5
Hoodie Nâu Nam size S - Mã SP0454,331.0,930466.0,86.0
Đầm Hồng Nữ size M - Mã SP0455,59.0,974451.0,20.8
Quần kaki Be Nam size XL - Mã SP0456,462.0,572545.0,9.1
Áo sơ mi Hồng Nam size XL - Mã SP0457,308.0,529972.0,92.4
Áo khoác Hồng Nữ size M - Mã SP0458,348.0,215133.0,106.4
Quần jean Vàng Unisex size M - Mã SP0459,137.0,300439.0,8.8
Đầm Vàng Nam size XL - Mã SP0460,268.0,406201.0,30.6
Áo thun Be Unisex size XL - Mã SP0461,136.0,598632.0,115.0
Hoodie Xanh Nữ size S - Mã SP0462,310.0,449841.0,7.9
Quần jean Nâu Nam size L - Mã SP0463,372.0,689063.0,95.9
Hoodie Vàng Unisex size L - Mã SP0464,1.0,431594.0,107.2
Áo thun Nâu Unisex size XXL - Mã SP0465,262.0,452424.0,86.9
Đầm Xám Nữ size XXL - Mã SP0466,221.0,511486.0,100.8
Quần kaki Tím Nữ size XXL - Mã SP0467,131.0,840407.0,97.9
Sweater Be Nam size XL - Mã SP0468,298.0,904101.0,60.1
Sweater Be Nam size XL - Mã SP0469,463.0,331294.0,31.3
Váy Nâu Unisex size M - Mã SP0470,194.0,215361.0,23.6
Đầm Trắng Nam size M - Mã SP0471,4.0,528530.0,98.6
Hoodie Hồng Nữ size M - Mã SP0472,363.0,979531.0,77.7
Váy Be Nữ size M - Mã SP0473,69.0,562474.0,58.6
Hoodie Xám Nữ size XL - Mã SP0474,247.0,832595.0,113.3
Áo thun Xám Unisex size XXL - Mã SP0475,268.0,741963.0,71.0
Quần jean Xanh Unisex size XXL - Mã SP0476,109.0,240845.0,104.5
Áo thun Tím Nữ size L - Mã SP0477,29.0,598234.0,109.1
Chân váy Hồng Nữ size L - Mã SP0478,474.0,265857.0,56.9
Áo khoác Be Nữ size L - Mã SP0479,135.0,622491.0,55.5
Hoodie Hồng Nam size XXL - Mã SP0480,484.0,249316.0,109.5
Áo khoác Hồng Unisex size XL - Mã SP0481,464.0,254335.0,111.6
Quần kaki Nâu Nam size L - Mã SP0482,299.0,967057.0,13.5
Sweater Be Nữ size S - Mã SP0483,438.0,748008.0,99.6
Áo sơ mi Trắng Nam size M - Mã SP0484,315.0,370559.0,25.9
Sweater Nâu Unisex size XL - Mã SP0485,23.0,982302.0,65.4
Đầm Hồng Nam size XXL - Mã SP0486,423.0,749606.0,8.3
Đầm Đỏ Nữ size S - Mã SP0487,362.0,735643.0,33.8
Áo thun Xám Nữ size XL - Mã SP0488,103.0,844578.0,78.2
Áo sơ mi Vàng Nữ size M - Mã SP0489,375.0,845659.0,14.8
Áo khoác Vàng Nữ size S - Mã SP0490,389.0,945410.0,13.8
Áo sơ mi Vàng Nam size XXL - Mã SP0491,469.0,395041.0,25.0
Chân váy Tím Nam size XXL - Mã SP0492,58.0,800362.0,66.6
Quần kaki Trắng Unisex size L - Mã SP0493,338.0,672668.0,103.8
Quần kaki Be Nữ size M - Mã SP0494,377.0,600268.0,45.2
Quần jean Xám Nữ size XXL - Mã SP0495,13.0,173883.0,89.9
Đầm Trắng Nữ size XL - Mã SP0496,424.0,976189.0,14.8
Chân váy Tím Unisex size L - Mã SP0497,249.0,421194.0,24.1
Váy Nâu Nam size S - Mã SP0498,38.0,295813.0,51.8
Quần kaki Vàng Unisex size S - Mã SP0499,252.0,964733.0,6.7
Quần jean Tím Nam size S - Mã SP0500,114.0,288345.0,29.1
Áo sơ mi Be Nữ size XXL - Mã SP0501,9.0,304709.0,51.9
Áo khoác Đen Nữ size M - Mã SP0502,373.0,615202.0,102.7
Quần jean Đen Unisex size XXL - Mã SP0503,286.0,157111.0,83.6
Chân váy Xanh Nữ size XL - Mã SP0504,419.0,143125.0,63.6
Đầm Đen Nữ size S - Mã SP0505,135.0,896675.0,58.8
Quần jean Trắng Nam size XL - Mã SP0506,386.0,997303.0,115.5
Áo sơ mi Vàng Nam size XL - Mã SP0507,40.0,439467.0,53.1
Áo thun Vàng Unisex size XXL - Mã SP0508,480.0,435628.0,25.3
Váy Tím Unisex size L - Mã SP0509,195.0,200202.0,49.4
Áo khoác Tím Unisex size XL - Mã SP0510,399.0,438635.0,80.6
Quần jean Hồng Nam size S - Mã SP0511,118.0,934509.0,21.6
Quần kaki Nâu Nam size S - Mã SP0512,33.0,198662.0,65.2
Áo sơ mi Xám Unisex size L - Mã SP0513,417.0,221849.0,34.5
Quần kaki Hồng Nữ size M - Mã SP0514,365.0,756824.0,112.5
Đầm Vàng Nam size S - Mã SP0515,161.0,948947.0,9.3
Đầm Nâu Nữ size M - Mã SP0516,450.0,198558.0,67.7
Áo khoác Xám Unisex size L - Mã SP0517,319.0,101263.0,80.4
Quần kaki Đen Nam size S - Mã SP0518,194.0,266684.0,14.7
Áo thun Be Nữ size L - Mã SP0519,166.0,338212.0,19.2
Áo khoác Tím Nam size M - Mã SP0520,452.0,786879.0,29.9
Đầm Hồng Nữ size L - Mã SP0521,107.0,609736.0,23.4
Áo sơ mi Xám Nam size XXL - Mã SP0522,42.0,264734.0,105.0
Áo sơ mi Vàng Unisex size XXL - Mã SP0523,342.0,931323.0,71.9
Quần jean Tím Nữ size M - Mã SP0524,80.0,447469.0,38.2
Sweater Xám Nam size M - Mã SP0525,313.0,308326.0,78.9
Áo khoác Đen Nữ size L - Mã SP0526,484.0,237604.0,30.3
Áo khoác Vàng Nữ size S - Mã SP0527,404.0,764030.0,8.7
Váy Xám Nam size L - Mã SP0528,57.0,825755.0,86.9
Chân váy Be Nữ size XXL - Mã SP0529,134.0,999340.0,21.5
Đầm Hồng Unisex size XXL - Mã SP0530,467.0,895562.0,38.6
Áo thun Xanh Nữ size M - Mã SP0531,285.0,959890.0,25.1
Áo thun Xanh Unisex size S - Mã SP0532,390.0,208635.0,104.2
Sweater Nâu Unisex size L - Mã SP0533,355.0,483291.0,8.4
Váy Đỏ Nam size S - Mã SP0534,235.0,320227.0,38.0
Sweater Hồng Unisex size S - Mã SP0535,120.0,369995.0,41.5
Áo sơ mi Be Nữ size S - Mã SP0536,251.0,471933.0,63.5
Sweater Trắng Unisex size XXL - Mã SP0537,11.0,479595.0,118.5
Đầm Đỏ Unisex size XXL - Mã SP0538,207.0,204976.0,35.8
Áo khoác Tím Nữ size M - Mã SP0539,204.0,579211.0,37.4
Sweater Tím Nữ size M - Mã SP0540,388.0,266387.0,58.0
Chân váy Vàng Nam size XXL - Mã SP0541,404.0,692687.0,75.8
Áo khoác Xám Nữ size L - Mã SP0542,393.0,332908.0,114.4
Chân váy Nâu Nữ size XXL - Mã SP0543,84.0,128008.0,57.4
Đầm Đen Nữ size XL - Mã SP0544,499.0,815086.0,37.7
Áo khoác Be Nam size XL - Mã SP0545,264.0,146453.0,89.6
Chân váy Be Nữ size L - Mã SP0546,229.0,454841.0,86.8
Hoodie Đỏ Nữ size L - Mã SP0547,153.0,130443.0,113.0
Váy Nâu Nữ size S - Mã SP0548,344.0,123386.0,27.6
Quần kaki Trắng Unisex size M - Mã SP0549,445.0,985824.0,13.0
Sweater Hồng Unisex size XXL - Mã SP0550,242.0,903969.0,5.9
Chân váy Nâu Unisex size XXL - Mã SP0551,339.0,677631.0,106.8
Sweater Tím Nam size L - Mã SP0552,364.0,778233.0,107.3
Áo sơ mi Xanh Nam size M - Mã SP0553,488.0,383555.0,67.0
Hoodie Vàng Unisex size S - Mã SP0554,89.0,890361.0,60.8
Quần kaki Tím Unisex size XXL - Mã SP0555,386.0,435196.0,51.4
Quần kaki Vàng Unisex size S - Mã SP0556,90.0,963705.0,73.9
Váy Hồng Unisex size L - Mã SP0557,267.0,558814.0,95.3
Sweater Vàng Nữ size XXL - Mã SP0558,466.0,411000.0,70.9
Quần kaki Đỏ Nam size XL - Mã SP0559,259.0,633042.0,24.2
Quần kaki Đỏ Unisex size XXL - Mã SP0560,102.0,141451.0,16.8
Sweater Be Unisex size M - Mã SP0561,93.0,936425.0,67.9
Chân váy Xám Unisex size L - Mã SP0562,481.0,226007.0,14.8
Hoodie Hồng Nam size XL - Mã SP0563,213.0,591837.0,62.0
Đầm Tím Nữ size L - Mã SP0564,221.0,756824.0,11.2
Áo thun Xám Unisex size M - Mã SP0565,416.0,852839.0,12.3
Quần kaki Đỏ Nam size M - Mã SP0566,69.0,521194.0,73.6
Đầm Nâu Nam size XL - Mã SP0567,358.0,242275.0,71.6
Áo sơ mi Xám Nữ size M - Mã SP0568,372.0,668968.0,33.9
Sweater Xanh Nữ size XL - Mã SP0569,279.0,134264.0,50.4
Sweater Vàng Unisex size L - Mã SP0570,419.0,401345.0,75.6
Chân váy Vàng Nữ size L - Mã SP0571,290.0,509632.0,36.9
Sweater Hồng Nam size S - Mã SP0572,357.0,210879.0,83.6
Hoodie Be Nam size XXL - Mã SP0573,288.0,331157.0,98.7
Áo thun Nâu Nữ size XL - Mã SP0574,212.0,779530.0,102.7
Váy Xanh Unisex size L - Mã SP0575,442.0,366128.0,45.5
Áo thun Tím Nữ size S - Mã SP0576,57.0,982952.0,75.1
Đầm Be Nữ size M - Mã SP0577,358.0,676061.0,92.1
Chân váy Xám Unisex size XL - Mã SP0578,439.0,908784.0,22.2
Quần kaki Vàng Nữ size M - Mã SP0579,177.0,544445.0,114.0
Áo thun Trắng Nữ size M - Mã SP0580,392.0,986271.0,69.4
Quần kaki Nâu Unisex size L - Mã SP0581,468.0,160256.0,16.2
Áo thun Xanh Nữ size XL - Mã SP0582,154.0,536926.0,71.4
Quần jean Xám Nữ size L - Mã SP0583,394.0,588661.0,25.2
Váy Xám Nữ size M - Mã SP0584,164.0,163485.0,87.5
Sweater Trắng Nam size XXL - Mã SP0585,307.0,668679.0,31.2
Áo sơ mi Nâu Nam size XL - Mã SP0586,305.0,624096.0,39.9
Áo thun Be Nam size S - Mã SP0587,357.0,952447.0,23.8
Áo thun Nâu Unisex size L - Mã SP0588,271.0,460602.0,69.7
Áo sơ mi Nâu Nam size XL - Mã SP0589,181.0,229503.0,39.5
Chân váy Đen Unisex size XXL - Mã SP0590,15.0,248190.0,54.4
Hoodie Be Unisex size M - Mã SP0591,493.0,815119.0,106.5
Hoodie Xám Nữ size XXL - Mã SP0592,463.0,527814.0,69.0
Chân váy Be Nam size XXL - Mã SP0593,122.0,886931.0,81.0
Áo sơ mi Tím Nam size XL - Mã SP0594,259.0,205906.0,95.1
Chân váy Hồng Nam size L - Mã SP0595,99.0,231306.0,7.3
Váy Vàng Nam size XL - Mã SP0596,25.0,961124.0,37.3
Chân váy Be Nam size XL - Mã SP0597,314.0,985666.0,101.4
Quần jean Nâu Nữ size XL - Mã SP0598,355.0,794617.0,38.4
Áo sơ mi Vàng Nam size XXL - Mã SP0599,202.0,746292.0,33.9
Sweater Đỏ Unisex size M - Mã SP0600,22.0,726355.0,42.4
Quần jean Vàng Nữ size XXL - Mã SP0601,32.0,991888.0,77.0
Sweater Trắng Unisex size XL - Mã SP0602,203.0,634278.0,77.7
Áo khoác Nâu Unisex size S - Mã SP0603,56.0,957539.0,83.0
Quần jean Nâu Nữ size S - Mã SP0604,459.0,200117.0,87.1
Áo sơ mi Trắng Nam size L - Mã SP0605,498.0,457582.0,31.9
Áo sơ mi Hồng Nam size M - Mã SP0606,137.0,912838.0,67.3
Đầm Nâu Nam size M - Mã SP0607,374.0,773678.0,54.6
Sweater Đỏ Nam size XXL - Mã SP0608,336.0,740367.0,19.9
Hoodie Tím Unisex size S - Mã SP0609,124.0,217848.0,56.7
Chân váy Xám Nam size S - Mã SP0610,390.0,797886.0,69.4
Áo sơ mi Be Nam size M - Mã SP0611,242.0,332689.0,16.8
Váy Xám Unisex size XL - Mã SP0612,32.0,945744.0,25.3
Áo khoác Hồng Unisex size XXL - Mã SP0613,295.0,207057.0,86.3
Sweater Xám Nữ size XL - Mã SP0614,113.0,122888.0,27.4
Áo thun Xám Nữ size M - Mã SP0615,471.0,726442.0,25.0
Hoodie Be Unisex size L - Mã SP0616,234.0,867286.0,109.5
Váy Vàng Nữ size XXL - Mã SP0617,5.0,837167.0,39.1
Chân váy Đen Nữ size XXL - Mã SP0618,310.0,261927.0,63.3
Quần jean Đỏ Nữ size XXL - Mã SP0619,329.0,684721.0,51.0
Váy Vàng Unisex size M - Mã SP0620,141.0,434629.0,21.0
Chân váy Đỏ Unisex size XL - Mã SP0621,93.0,927418.0,18.8
Áo khoác Nâu Nam size XL - Mã SP0622,136.0,526449.0,25.5
Áo thun Đỏ Unisex size M - Mã SP0623,127.0,229764.0,62.6
Sweater Be Nam size L - Mã SP0624,344.0,678619.0,59.2
Quần kaki Đỏ Unisex size XL - Mã SP0625,117.0,828322.0,83.6
Sweater Đen Nam size S - Mã SP0626,177.0,463204.0,5.2
Áo khoác Nâu Nam size S - Mã SP0627,63.0,522403.0,101.4
Hoodie Đỏ Nữ size XXL - Mã SP0628,283.0,150106.0,76.0
Áo thun Tím Nam size L - Mã SP0629,376.0,966802.0,97.0
Hoodie Tím Nam size L - Mã SP0630,269.0,732465.0,61.3
Quần jean Hồng Nam size XL - Mã SP0631,444.0,562261.0,77.3
Váy Tím Nữ size L - Mã SP0632,229.0,660265.0,44.2
Váy Vàng Nữ size S - Mã SP0633,250.0,436209.0,6.3
Áo khoác Trắng Unisex size S - Mã SP0634,285.0,578430.0,78.8
Áo thun Tím Nam size S - Mã SP0635,247.0,586565.0,93.3
Áo sơ mi Tím Nữ size S - Mã SP0636,407.0,994877.0,48.3
Quần jean Đen Unisex size XL - Mã SP0637,252.0,555393.0,16.4
Chân váy Vàng Nữ size XXL - Mã SP0638,423.0,914931.0,25.5
Áo khoác Đỏ Nam size M - Mã SP0639,323.0,792098.0,94.7
Đầm Be Nam size S - Mã SP0640,374.0,358377.0,80.8
Chân váy Vàng Unisex size XXL - Mã SP0641,53.0,764553.0,98.4
Quần kaki Xám Unisex size XXL - Mã SP0642,382.0,740522.0,42.6
Váy Xám Nam size S - Mã SP0643,407.0,128085.0,24.8
Chân váy Xám Nam size M - Mã SP0644,213.0,668654.0,89.3
Áo khoác Đen Nam size M - Mã SP0645,473.0,307285.0,31.0
Áo khoác Be Nữ size XXL - Mã SP0646,220.0,982297.0,92.7
Váy Vàng Nữ size M - Mã SP0647,325.0,740073.0,107.3
Đầm Be Nữ size S - Mã SP0648,264.0,939375.0,10.3
Chân váy Đen Nam size M - Mã SP0649,437.0,581397.0,54.7
Áo sơ mi Xanh Unisex size L - Mã SP0650,289.0,117905.0,58.4
Hoodie Đen Unisex size XXL - Mã SP0651,264.0,158088.0,101.4
Áo thun Vàng Unisex size XXL - Mã SP0652,235.0,492015.0,25.0
Hoodie Đỏ Unisex size S - Mã SP0653,325.0,896699.0,10.6
Áo sơ mi Đen Unisex size S - Mã SP0654,66.0,414075.0,113.3
Quần jean Xám Nam size L - Mã SP0655,487.0,615386.0,33.5
Chân váy Đỏ Unisex size XL - Mã SP0656,46.0,387897.0,59.7
Chân váy Hồng Nam size S - Mã SP0657,353.0,362784.0,56.1
Áo sơ mi Đỏ Unisex size XXL - Mã SP0658,500.0,739145.0,66.4
Sweater Tím Unisex size S - Mã SP0659,407.0,314621.0,62.1
Hoodie Be Unisex size M - Mã SP0660,321.0,572455.0,90.4
Áo sơ mi Đỏ Nam size M - Mã SP0661,337.0,986801.0,37.3
Đầm Trắng Unisex size M - Mã SP0662,362.0,322759.0,32.9
Áo thun Trắng Unisex size L - Mã SP0663,467.0,478054.0,57.9
Áo thun Be Nam size S - Mã SP0664,125.0,462430.0,43.3
Quần kaki Đen Nữ size M - Mã SP0665,230.0,540117.0,63.3
Hoodie Tím Unisex size XXL - Mã SP0666,192.0,517456.0,54.7
Chân váy Nâu Nữ size M - Mã SP0667,91.0,983808.0,22.2
Hoodie Hồng Unisex size S - Mã SP0668,410.0,409124.0,34.9
Quần jean Đen Unisex size XL - Mã SP0669,236.0,940921.0,22.5
Hoodie Trắng Nam size XL - Mã SP0670,127.0,595020.0,7.8
Váy Đỏ Nữ size L - Mã SP0671,225.0,799003.0,62.6
Sweater Đỏ Nam size M - Mã SP0672,440.0,439331.0,80.4
Sweater Trắng Nữ size XXL - Mã SP0673,345.0,290169.0,55.4
Váy Be Nam size S - Mã SP0674,476.0,866646.0,35.8
Váy Tím Unisex size XL - Mã SP0675,290.0,170248.0,99.6
Hoodie Be Nữ size XXL - Mã SP0676,141.0,479810.0,109.2
Chân váy Nâu Unisex size M - Mã SP0677,448.0,324873.0,93.2
Váy Xanh Nam size M - Mã SP0678,238.0,427641.0,58.3
Đầm Trắng Nữ size M - Mã SP0679,361.0,997040.0,32.0
Áo thun Đen Nam size S - Mã SP0680,69.0,880561.0,84.2
Chân váy Trắng Nữ size S - Mã SP0681,186.0,572415.0,29.3
Hoodie Đỏ Unisex size M - Mã SP0682,267.0,911417.0,43.2
Áo sơ mi Đỏ Nữ size XXL - Mã SP0683,78.0,374212.0,14.7
Chân váy Hồng Nữ size L - Mã SP0684,221.0,152562.0,25.9
Áo thun Tím Nam size XL - Mã SP0685,461.0,856094.0,33.6
Sweater Đỏ Unisex size L - Mã SP0686,99.0,482818.0,57.8
Áo sơ mi Xám Nam size M - Mã SP0687,232.0,391109.0,19.6
Quần kaki Xám Nam size L - Mã SP0688,480.0,506516.0,81.3
Quần kaki Trắng Nữ size M - Mã SP0689,304.0,832760.0,74.9
Đầm Xanh Nữ size XXL - Mã SP0690,277.0,574939.0,95.0
Quần jean Be Nam size M - Mã SP0691,213.0,665234.0,14.2
Áo sơ mi Tím Nữ size L - Mã SP0692,136.0,191739.0,13.8
Sweater Xanh Nam size XL - Mã SP0693,181.0,437419.0,95.2
Áo sơ mi Xanh Nữ size M - Mã SP0694,210.0,532698.0,114.7
Đầm Trắng Nữ size M - Mã SP0695,314.0,186673.0,83.5
Chân váy Trắng Nam size M - Mã SP0696,189.0,282495.0,19.1
Sweater Be Nam size XXL - Mã SP0697,322.0,254726.0,57.4
Áo khoác Trắng Nữ size M - Mã SP0698,92.0,286542.0,49.0
Áo sơ mi Đỏ Nam size S - Mã SP0699,452.0,204465.0,85.5
Quần jean Be Unisex size M - Mã SP0700,377.0,800506.0,59.1
Áo khoác Trắng Nam size XL - Mã SP0701,375.0,768898.0,77.2
Chân váy Hồng Nữ size L - Mã SP0702,109.0,894021.0,9.8
Váy Đỏ Unisex size XXL - Mã SP0703,435.0,115539.0,44.9
Đầm Xám Nữ size L - Mã SP0704,41.0,423264.0,79.8
Váy Nâu Nam size L - Mã SP0705,279.0,719003.0,111.8
Áo sơ mi Xanh Nam size S - Mã SP0706,74.0,729992.0,77.4
Áo khoác Tím Unisex size XXL - Mã SP0707,190.0,234617.0,109.2
Hoodie Xanh Nữ size S - Mã SP0708,289.0,482021.0,37.4
Sweater Hồng Nữ size L - Mã SP0709,300.0,973611.0,115.1
Váy Xanh Unisex size XL - Mã SP0710,220.0,926320.0,35.0
Áo thun Hồng Nữ size M - Mã SP0711,300.0,610631.0,31.8
Áo thun Xanh Nữ size L - Mã SP0712,171.0,204274.0,11.7
Váy Be Unisex size XXL - Mã SP0713,324.0,546718.0,92.7
Áo thun Be Nữ size M - Mã SP0714,233.0,541072.0,80.8
Áo sơ mi Hồng Nam size L - Mã SP0715,151.0,701705.0,37.5
Sweater Vàng Unisex size XXL - Mã SP0716,27.0,112812.0,53.5
Áo khoác Xanh Unisex size XXL - Mã SP0717,472.0,480280.0,14.0
Quần jean Hồng Unisex size XL - Mã SP0718,326.0,120176.0,86.2
Quần kaki Xanh Nam size M - Mã SP0719,414.0,866817.0,15.0
Hoodie Nâu Nam size L - Mã SP0720,70.0,839695.0,11.3
Sweater Đen Unisex size M - Mã SP0721,172.0,911581.0,105.6
Hoodie Tím Unisex size S - Mã SP0722,229.0,427919.0,37.9
Quần kaki Đen Unisex size XXL - Mã SP0723,241.0,795982.0,15.9
Đầm Tím Nữ size L - Mã SP0724,212.0,171350.0,49.3
Váy Be Nữ size M - Mã SP0725,146.0,882962.0,89.8
Áo thun Đỏ Nam size M - Mã SP0726,426.0,864469.0,61.3
Áo khoác Trắng Nam size L - Mã SP0727,248.0,769621.0,39.3
Sweater Xám Nữ size XL - Mã SP0728,253.0,891781.0,28.9
Hoodie Đen Nữ size L - Mã SP0729,153.0,579493.0,41.7
Hoodie Nâu Nữ size M - Mã SP0730,29.0,282136.0,104.7
Sweater Nâu Nữ size XL - Mã SP0731,371.0,190926.0,83.5
Hoodie Nâu Nữ size L - Mã SP0732,64.0,214637.0,32.2
Chân váy Hồng Nam size S - Mã SP0733,56.0,615737.0,9.2
Áo khoác Đen Unisex size XL - Mã SP0734,59.0,149408.0,105.2
Áo thun Nâu Nữ size XL - Mã SP0735,267.0,217690.0,101.6
Váy Đen Unisex size XL - Mã SP0736,387.0,302334.0,56.6
Váy Hồng Unisex size XXL - Mã SP0737,283.0,319352.0,23.6
Quần kaki Xám Nữ size XXL - Mã SP0738,165.0,920169.0,34.4
Váy Đỏ Unisex size S - Mã SP0739,256.0,524099.0,30.8
Quần kaki Tím Nam size M - Mã SP0740,178.0,835789.0,8.6
Áo khoác Xám Unisex size S - Mã SP0741,296.0,624702.0,69.4
Quần kaki Be Nam size L - Mã SP0742,272.0,479802.0,5.7
Chân váy Hồng Unisex size S - Mã SP0743,478.0,160615.0,11.7
Quần kaki Vàng Nữ size L - Mã SP0744,405.0,689163.0,94.9
Hoodie Đỏ Nam size L - Mã SP0745,303.0,488460.0,13.5
Váy Hồng Nữ size XL - Mã SP0746,454.0,961472.0,78.0
Hoodie Nâu Nam size L - Mã SP0747,135.0,111616.0,34.6
Hoodie Trắng Unisex size XXL - Mã SP0748,172.0,962140.0,44.2
Quần jean Nâu Nữ size XXL - Mã SP0749,351.0,185610.0,29.1
Quần kaki Nâu Nam size S - Mã SP0750,93.0,987276.0,111.5
Áo thun Hồng Unisex size S - Mã SP0751,327.0,506385.0,45.7
Hoodie Trắng Nữ size M - Mã SP0752,374.0,212511.0,107.2
Váy Đen Unisex size S - Mã SP0753,409.0,611343.0,61.4
Áo thun Tím Nam size S - Mã SP0754,296.0,844415.0,110.2
Đầm Be Unisex size L - Mã SP0755,476.0,535208.0,100.5
Quần jean Vàng Nam size S - Mã SP0756,471.0,130756.0,102.8
Áo khoác Hồng Unisex size XL - Mã SP0757,61.0,883475.0,6.9
Áo khoác Vàng Nữ size S - Mã SP0758,137.0,164227.0,114.3
Áo thun Xám Nam size S - Mã SP0759,418.0,734756.0,52.8
Chân váy Tím Nam size L - Mã SP0760,420.0,633583.0,11.9
Hoodie Đen Nam size XXL - Mã SP0761,94.0,493694.0,112.9
Áo sơ mi Vàng Nữ size M - Mã SP0762,257.0,171693.0,26.2
Váy Đỏ Nam size L - Mã SP0763,195.0,630149.0,62.8
Áo thun Đỏ Nam size M - Mã SP0764,335.0,479923.0,34.1
Áo thun Đỏ Nam size XXL - Mã SP0765,368.0,561720.0,92.5
Áo sơ mi Trắng Nữ size S - Mã SP0766,356.0,503335.0,54.2
Sweater Xám Unisex size XXL - Mã SP0767,96.0,763810.0,112.9
Quần jean Nâu Nữ size XL - Mã SP0768,469.0,239424.0,114.3
Hoodie Be Unisex size L - Mã SP0769,419.0,452220.0,67.1
Quần jean Vàng Nữ size XXL - Mã SP0770,277.0,576875.0,30.2
Đầm Đỏ Unisex size L - Mã SP0771,366.0,983045.0,60.8
Áo thun Be Unisex size S - Mã SP0772,440.0,874789.0,18.3
Quần kaki Đen Nữ size S - Mã SP0773,213.0,963352.0,56.0
Áo khoác Be Nữ size S - Mã SP0774,391.0,920359.0,43.9
Quần kaki Vàng Nam size S - Mã SP0775,142.0,864459.0,47.6
Áo khoác Xám Nam size M - Mã SP0776,291.0,470969.0,92.7
Hoodie Xanh Nam size S - Mã SP0777,17.0,472985.0,77.8
Áo sơ mi Đỏ Nữ size XL - Mã SP0778,14.0,188783.0,31.9
Hoodie Xám Nam size S - Mã SP0779,251.0,233823.0,14.7
Áo sơ mi Xám Nữ size XXL - Mã SP0780,383.0,440549.0,100.7
Chân váy Trắng Nam size XL - Mã SP0781,168.0,876612.0,51.0
Áo sơ mi Tím Nữ size S - Mã SP0782,236.0,327982.0,101.0
Sweater Xám Unisex size M - Mã SP0783,296.0,702302.0,31.8
Quần jean Be Nữ size L - Mã SP0784,353.0,622538.0,8.9
Áo khoác Đỏ Nam size XL - Mã SP0785,330.0,862573.0,44.3
Hoodie Tím Nam size M - Mã SP0786,67.0,149035.0,53.4
Đầm Xanh Nam size L - Mã SP0787,177.0,209144.0,113.3
Quần kaki Nâu Nam size M - Mã SP0788,392.0,845611.0,108.3
Váy Trắng Unisex size L - Mã SP0789,236.0,621176.0,115.8
Áo sơ mi Đỏ Nam size L - Mã SP0790,202.0,861707.0,81.2
Áo sơ mi Nâu Unisex size S - Mã SP0791,360.0,813081.0,84.1
Áo khoác Hồng Nữ size S - Mã SP0792,191.0,330385.0,55.7
Áo sơ mi Đen Unisex size XL - Mã SP0793,381.0,872988.0,48.7
Hoodie Xanh Nam size S - Mã SP0794,265.0,200885.0,75.1
Váy Tím Unisex size M - Mã SP0795,161.0,481360.0,29.8
Đầm Đen Nữ size XXL - Mã SP0796,185.0,229595.0,48.1
Quần jean Xanh Nữ size S - Mã SP0797,306.0,394172.0,46.5
Quần jean Tím Unisex size XXL - Mã SP0798,5.0,458443.0,51.9
Hoodie Hồng Nam size M - Mã SP0799,50.0,492458.0,17.8
Váy Tím Unisex size L - Mã SP0800,426.0,773000.0,76.3
Quần jean Hồng Nữ size XXL - Mã SP0801,423.0,874190.0,95.2
Áo khoác Trắng Nam size XXL - Mã SP0802,294.0,608918.0,33.8
Áo thun Tím Nam size M - Mã SP0803,136.0,639511.0,12.0
Áo khoác Nâu Nam size XXL - Mã SP0804,81.0,288774.0,94.2
Chân váy Tím Nam size S - Mã SP0805,420.0,341901.0,13.5
Sweater Hồng Unisex size L - Mã SP0806,212.0,595626.0,40.6
Quần jean Đen Nam size S - Mã SP0807,375.0,850967.0,52.0
Váy Trắng Nữ size XL - Mã SP0808,282.0,825942.0,43.3
Chân váy Xám Nữ size S - Mã SP0809,423.0,924505.0,43.7
Đầm Tím Unisex size L - Mã SP0810,378.0,866490.0,118.3
Đầm Đỏ Nữ size M - Mã SP0811,175.0,209818.0,25.6
Hoodie Xanh Unisex size L - Mã SP0812,197.0,300416.0,100.6
Quần kaki Hồng Nam size L - Mã SP0813,348.0,943246.0,5.4
Sweater Hồng Unisex size M - Mã SP0814,98.0,868501.0,101.7
Quần kaki Xanh Unisex size XL - Mã SP0815,324.0,954980.0,19.3
Quần jean Xanh Nam size M - Mã SP0816,348.0,857665.0,87.2
Quần jean Trắng Nữ size L - Mã SP0817,366.0,923341.0,76.0
Quần kaki Trắng Nam size S - Mã SP0818,466.0,526033.0,108.9
Áo khoác Hồng Nữ size XL - Mã SP0819,64.0,435677.0,113.5
Quần kaki Be Nam size XXL - Mã SP0820,421.0,598049.0,114.7
Quần jean Đỏ Nam size XL - Mã SP0821,227.0,916229.0,50.8
Áo thun Hồng Nam size M - Mã SP0822,7.0,512173.0,72.9
Quần jean Đỏ Nam size XXL - Mã SP0823,12.0,277202.0,36.4
Váy Trắng Unisex size XL - Mã SP0824,283.0,619383.0,118.9
Quần kaki Xanh Nam size XL - Mã SP0825,220.0,142854.0,66.2
Hoodie Trắng Nữ size L - Mã SP0826,135.0,675692.0,32.7
Sweater Vàng Nam size M - Mã SP0827,140.0,906843.0,39.2
Quần kaki Trắng Unisex size XXL - Mã SP0828,307.0,585529.0,100.6
Sweater Be Unisex size XL - Mã SP0829,455.0,963491.0,20.7
Áo sơ mi Xanh Nữ size XL - Mã SP0830,336.0,800046.0,89.5
Áo thun Hồng Nữ size XL - Mã SP0831,293.0,471864.0,36.8
Sweater Xanh Unisex size M - Mã SP0832,219.0,509541.0,87.2
Quần jean Xanh Nữ size S - Mã SP0833,471.0,254889.0,34.8
Áo thun Nâu Unisex size L - Mã SP0834,190.0,329755.0,30.2
Chân váy Xanh Unisex size S - Mã SP0835,109.0,264077.0,57.5
Váy Hồng Unisex size M - Mã SP0836,312.0,166801.0,111.4
Sweater Đen Unisex size S - Mã SP0837,196.0,596680.0,23.1
Váy Tím Nữ size M - Mã SP0838,483.0,259582.0,68.1
Đầm Xanh Nam size XL - Mã SP0839,277.0,662341.0,109.5
Quần jean Trắng Nữ size M - Mã SP0840,317.0,155123.0,14.7
Áo sơ mi Hồng Nam size L - Mã SP0841,418.0,190461.0,36.8
Váy Trắng Nam size XXL - Mã SP0842,40.0,723268.0,42.7
Quần kaki Vàng Nam size L - Mã SP0843,12.0,788470.0,119.3
Áo sơ mi Đỏ Nữ size XL - Mã SP0844,185.0,776899.0,27.2
Đầm Xanh Nam size S - Mã SP0845,140.0,658940.0,22.3
Áo khoác Trắng Unisex size XL - Mã SP0846,85.0,433423.0,69.5
Váy Hồng Unisex size M - Mã SP0847,49.0,788305.0,17.7
Váy Đỏ Nam size S - Mã SP0848,482.0,264582.0,98.0
Hoodie Hồng Nam size XL - Mã SP0849,97.0,617596.0,75.0
Áo khoác Tím Nữ size M - Mã SP0850,169.0,674653.0,101.1
Váy Nâu Nữ size L - Mã SP0851,212.0,237775.0,69.2
Áo thun Vàng Nữ size S - Mã SP0852,62.0,469585.0,13.7
Đầm Tím Unisex size L - Mã SP0853,240.0,942777.0,77.1
Váy Đen Nữ size XL - Mã SP0854,45.0,128932.0,90.2
Hoodie Xám Nữ size M - Mã SP0855,281.0,462723.0,14.5
Váy Be Unisex size M - Mã SP0856,193.0,233293.0,79.9
Váy Be Nam size XL - Mã SP0857,372.0,479616.0,105.8
Váy Nâu Nam size L - Mã SP0858,63.0,790750.0,112.8
Chân váy Trắng Unisex size XXL - Mã SP0859,467.0,557927.0,37.7
Hoodie Nâu Nam size M - Mã SP0860,363.0,806011.0,117.9
Áo sơ mi Đỏ Nam size S - Mã SP0861,407.0,843793.0,66.0
Váy Trắng Nữ size XL - Mã SP0862,51.0,429286.0,46.2
Hoodie Xanh Nữ size XL - Mã SP0863,128.0,891710.0,82.9
Áo khoác Đỏ Nam size L - Mã SP0864,40.0,604847.0,33.9
Áo khoác Xám Unisex size L - Mã SP0865,443.0,658526.0,75.4
Áo thun Xám Nam size XL - Mã SP0866,366.0,598807.0,37.5
Quần jean Be Unisex size XL - Mã SP0867,325.0,624542.0,34.0
Áo thun Tím Nam size L - Mã SP0868,64.0,409812.0,67.9
Sweater Nâu Unisex size XL - Mã SP0869,416.0,812666.0,36.7
Áo khoác Xanh Nữ size XL - Mã SP0870,425.0,353253.0,24.8
Đầm Trắng Nữ size M - Mã SP0871,478.0,214022.0,9.3
Quần kaki Be Nữ size XL - Mã SP0872,353.0,175150.0,35.0
Chân váy Trắng Nữ size S - Mã SP0873,401.0,567865.0,37.2
Hoodie Tím Nam size M - Mã SP0874,198.0,504955.0,65.6
Đầm Xanh Nữ size XL - Mã SP0875,456.0,701650.0,92.8
Hoodie Xanh Nam size L - Mã SP0876,57.0,673034.0,92.8
Quần jean Xám Nam size XL - Mã SP0877,84.0,289828.0,71.3
Đầm Đen Nam size S - Mã SP0878,276.0,173661.0,10.8
Áo khoác Xám Unisex size M - Mã SP0879,307.0,207413.0,118.1
Áo sơ mi Hồng Nữ size XXL - Mã SP0880,310.0,359260.0,114.3
Váy Be Nữ size M - Mã SP0881,161.0,801339.0,108.4
Áo sơ mi Be Nữ size L - Mã SP0882,234.0,254251.0,37.2
Áo thun Đen Nam size XXL - Mã SP0883,469.0,393273.0,64.4
Đầm Trắng Nam size XXL - Mã SP0884,363.0,448169.0,41.2
Váy Be Nữ size L - Mã SP0885,438.0,119029.0,33.9
Áo sơ mi Be Nam size L - Mã SP0886,7.0,820221.0,98.9
Áo sơ mi Be Nữ size XL - Mã SP0887,153.0,184685.0,6.0
Áo khoác Xám Nam size XXL - Mã SP0888,289.0,825836.0,46.9
Áo thun Đen Nữ size S - Mã SP0889,223.0,409556.0,69.7
Áo thun Xám Nữ size XL - Mã SP0890,245.0,293638.0,88.4
Đầm Đen Unisex size XXL - Mã SP0891,200.0,660542.0,52.2
Áo sơ mi Nâu Nữ size L - Mã SP0892,113.0,202413.0,81.2
Áo sơ mi Trắng Nam size L - Mã SP0893,188.0,285359.0,49.2
Quần kaki Be Nữ size S - Mã SP0894,57.0,259310.0,42.5
Áo khoác Tím Nam size XXL - Mã SP0895,84.0,854966.0,116.2
Chân váy Nâu Nam size M - Mã SP0896,342.0,157508.0,92.3
Áo thun Trắng Unisex size L - Mã SP0897,358.0,637484.0,90.1
Áo khoác Xanh Nam size XL - Mã SP0898,239.0,246982.0,97.3
Hoodie Xám Nữ size S - Mã SP0899,326.0,235750.0,72.1
Áo sơ mi Be Unisex size XL - Mã SP0900,391.0,268487.0,27.3
Đầm Xanh Nam size XL - Mã SP0901,369.0,702161.0,53.7
Đầm Đỏ Nam size M - Mã SP0902,168.0,979844.0,33.4
Quần jean Xám Unisex size M - Mã SP0903,409.0,852074.0,40.9
Hoodie Xám Unisex size XL - Mã SP0904,18.0,994236.0,87.0
Áo sơ mi Be Nữ size XXL - Mã SP0905,181.0,362958.0,19.0
Sweater Nâu Nữ size S - Mã SP0906,2.0,939804.0,34.5
Áo khoác Vàng Unisex size L - Mã SP0907,160.0,236012.0,43.6
Hoodie Nâu Nam size XL - Mã SP0908,451.0,731228.0,66.4
Quần kaki Tím Unisex size M - Mã SP0909,256.0,275650.0,101.7
Áo thun Xanh Unisex size XL - Mã SP0910,60.0,235724.0,78.5
Quần jean Vàng Unisex size XL - Mã SP0911,463.0,892799.0,24.8
Hoodie Hồng Unisex size S - Mã SP0912,365.0,945818.0,81.0
Áo thun Trắng Nữ size XL - Mã SP0913,161.0,133604.0,27.2
Quần kaki Nâu Nam size XL - Mã SP0914,74.0,578479.0,16.5
Áo khoác Đỏ Unisex size XL - Mã SP0915,444.0,789746.0,101.9
Quần jean Trắng Nữ size XXL - Mã SP0916,82.0,149968.0,15.8
Quần kaki Hồng Nữ size L - Mã SP0917,225.0,883715.0,57.6
Áo sơ mi Đen Nam size L - Mã SP0918,90.0,776498.0,73.4
Áo khoác Đỏ Nam size L - Mã SP0919,360.0,790333.0,59.2
Áo sơ mi Xám Nam size S - Mã SP0920,49.0,132076.0,17.9
Quần jean Tím Unisex size M - Mã SP0921,382.0,207262.0,105.6
Hoodie Xám Nữ size S - Mã SP0922,138.0,129637.0,84.4
Chân váy Xám Unisex size S - Mã SP0923,445.0,880286.0,51.1
Áo khoác Xám Unisex size XL - Mã SP0924,408.0,434855.0,113.5
Quần kaki Vàng Unisex size S - Mã SP0925,478.0,950494.0,109.7
Quần jean Xanh Nam size XXL - Mã SP0926,151.0,293882.0,117.2
Váy Nâu Nam size XXL - Mã SP0927,42.0,843129.0,56.5
Đầm Trắng Nam size S - Mã SP0928,273.0,343502.0,63.2
Quần jean Trắng Nam size S - Mã SP0929,328.0,798701.0,67.2
Hoodie Trắng Nữ size S - Mã SP0930,108.0,602295.0,73.3
Sweater Hồng Unisex size L - Mã SP0931,468.0,656242.0,62.5
Váy Hồng Nam size XXL - Mã SP0932,28.0,892656.0,44.0
Áo sơ mi Vàng Unisex size S - Mã SP0933,371.0,173702.0,109.8
Chân váy Hồng Unisex size XL - Mã SP0934,60.0,590165.0,114.8
Váy Nâu Nam size S - Mã SP0935,351.0,103002.0,61.7
Quần kaki Đỏ Nam size M - Mã SP0936,99.0,482622.0,34.9
Quần kaki Tím Nam size XL - Mã SP0937,186.0,994103.0,78.8
Chân váy Xám Unisex size XXL - Mã SP0938,44.0,123140.0,37.2
Quần kaki Tím Nữ size S - Mã SP0939,35.0,965495.0,102.2
Sweater Be Nữ size L - Mã SP0940,419.0,369012.0,30.8
Hoodie Xanh Nữ size S - Mã SP0941,59.0,423119.0,78.6
Áo thun Vàng Nữ size M - Mã SP0942,7.0,191737.0,89.7
Quần kaki Tím Nữ size XL - Mã SP0943,494.0,164937.0,34.3
Quần jean Xanh Nữ size S - Mã SP0944,74.0,845152.0,74.7
Sweater Đỏ Unisex size S - Mã SP0945,225.0,424903.0,49.9
Sweater Xám Nữ size L - Mã SP0946,299.0,519863.0,105.9
Hoodie Xanh Nữ size S - Mã SP0947,487.0,408322.0,70.6
Hoodie Xanh Nam size M - Mã SP0948,17.0,670548.0,5.3
Quần jean Đen Nữ size M - Mã SP0949,44.0,879117.0,17.2
Áo thun Hồng Nam size S - Mã SP0950,498.0,313618.0,81.4
Quần kaki Xám Unisex size S - Mã SP0951,181.0,980853.0,114.4
Đầm Nâu Unisex size L - Mã SP0952,140.0,589852.0,107.0
Quần jean Tím Nam size XL - Mã SP0953,445.0,113691.0,32.5
Quần kaki Nâu Unisex size XXL - Mã SP0954,137.0,290432.0,103.6
Áo thun Vàng Unisex size S - Mã SP0955,69.0,550088.0,32.1
Áo khoác Vàng Unisex size M - Mã SP0956,122.0,254840.0,65.1
Áo khoác Xanh Nữ size M - Mã SP0957,327.0,130072.0,91.0
Chân váy Trắng Nam size L - Mã SP0958,225.0,440815.0,74.6
Đầm Hồng Nam size M - Mã SP0959,123.0,103557.0,76.5
Áo sơ mi Trắng Nam size L - Mã SP0960,166.0,825238.0,69.7
Quần jean Nâu Unisex size L - Mã SP0961,70.0,432155.0,23.1
Áo sơ mi Đen Nữ size M - Mã SP0962,101.0,296625.0,85.5
Áo khoác Be Unisex size XXL - Mã SP0963,149.0,722006.0,57.2
Quần jean Vàng Unisex size M - Mã SP0964,107.0,270920.0,89.3
Quần kaki Đỏ Unisex size XXL - Mã SP0965,112.0,224323.0,76.6
Chân váy Trắng Nam size S - Mã SP0966,426.0,428011.0,5.2
Váy Đỏ Nam size M - Mã SP0967,475.0,139847.0,53.7
Áo sơ mi Vàng Nữ size XL - Mã SP0968,205.0,671422.0,75.9
Quần kaki Đỏ Unisex size M - Mã SP0969,286.0,851607.0,96.9
Áo khoác Xanh Unisex size S - Mã SP0970,293.0,361936.0,69.1
Váy Nâu Nam size M - Mã SP0971,359.0,815586.0,56.6
Sweater Nâu Nữ size XXL - Mã SP0972,85.0,897756.0,99.6
Áo thun Xám Unisex size M - Mã SP0973,228.0,280963.0,81.2
Áo sơ mi Xanh Nam size L - Mã SP0974,442.0,558354.0,72.3
Áo thun Xanh Unisex size M - Mã SP0975,338.0,123498.0,77.8
Quần kaki Tím Nữ size XL - Mã SP0976,114.0,191741.0,91.2
Chân váy Nâu Nam size S - Mã SP0977,452.0,246540.0,12.4
Váy Đỏ Unisex size L - Mã SP0978,450.0,195720.0,17.9
Áo thun Xám Nữ size XL - Mã SP0979,373.0,621096.0,73.4
Áo thun Hồng Nam size M - Mã SP0980,197.0,794109.0,117.0
Quần jean Xám Nữ size S - Mã SP0981,155.0,481855.0,56.3
Áo khoác Vàng Nam size XL - Mã SP0982,268.0,207980.0,85.1
Áo khoác Nâu Unisex size XL - Mã SP0983,31.0,183315.0,24.7
Quần kaki Nâu Unisex size XXL - Mã SP0984,55.0,949931.0,40.7
Áo khoác Xanh Nam size L - Mã SP0985,462.0,681185.0,85.4
Chân váy Be Unisex size L - Mã SP0986,392.0,509580.0,51.7
Áo thun Đen Nữ size XL - Mã SP0987,338.0,325526.0,29.5
Sweater Xám Nam size XL - Mã SP0988,305.0,105797.0,112.5
Sweater Tím Unisex size L - Mã SP0989,346.0,190855.0,24.4
Áo thun Trắng Nam size S - Mã SP0990,234.0,727565.0,115.0
Quần kaki Nâu Unisex size XXL - Mã SP0991,408.0,849907.0,31.2
Váy Đen Nam size M - Mã SP0992,231.0,159159.0,90.9
Quần jean Be Nữ size M - Mã SP0993,320.0,125462.0,114.2
Áo thun Đen Nữ size XXL - Mã SP0994,117.0,645618.0,64.3
Áo sơ mi Xám Nữ size S - Mã SP0995,30.0,846266.0,48.3
Sweater Xanh Nữ size XL - Mã SP0996,200.0,214124.0,102.9
Áo khoác Xám Unisex size S - Mã SP0997,424.0,488399.0,84.1
Đầm Đỏ Nam size XL - Mã SP0998,105.0,540446.0,21.8
Áo sơ mi Vàng Nữ size S - Mã SP0999,250.0,590181.0,56.1
